start,start_time,end,end_time
Stockholm,2023-03-15 05:22:59,Mariehamn,2023-03-15 12:08:58
Mariehamn,2023-03-15 12:13:57,Turku,2023-03-15 17:34:52
Turku,2023-03-15 17:44:53,Stockholm,2023-03-16 05:26:49
Stockholm,2023-03-16 05:31:56,Mariehamn,2023-03-16 12:18:04
Mariehamn,2023-03-16 12:33:04,Turku,2023-03-16 17:38:54
Turku,2023-03-16 19:14:09,Stockholm,2023-03-17 05:35:56
Stockholm,2023-03-17 05:46:01,Mariehamn,2023-03-17 12:13:55
Mariehamn,2023-03-17 12:23:06,Turku,2023-03-17 17:44:58
Turku,2023-03-17 18:30:05,Stockholm,2023-03-18 05:27:08
Stockholm,2023-03-18 05:47:09,Mariehamn,2023-03-18 12:12:09
Mariehamn,2023-03-18 12:18:16,Turku,2023-03-18 17:54:10
Turku,2023-03-18 19:04:25,Stockholm,2023-03-19 05:41:08
Stockholm,2023-03-19 05:56:09,Mariehamn,2023-03-19 12:22:04
Mariehamn,2023-03-19 12:27:07,Turku,2023-03-19 17:53:10
Turku,2023-03-19 19:03:21,Stockholm,2023-03-20 05:30:11
Stockholm,2023-03-20 06:40:21,Mariehamn,2023-03-20 12:20:08
Mariehamn,2023-03-20 12:26:27,Turku,2023-03-20 17:52:26
Turku,2023-03-20 18:07:37,Stockholm,2023-03-21 05:39:38
Stockholm,2023-03-21 05:44:38,Mariehamn,2023-03-21 12:20:37
Mariehamn,2023-03-21 12:35:55,Turku,2023-03-21 17:56:43
Turku,2023-03-21 18:56:57,Stockholm,2023-03-22 05:33:32
Stockholm,2023-03-22 05:38:32,Mariehamn,2023-03-22 12:14:12
Mariehamn,2023-03-22 12:29:33,Turku,2023-03-22 17:55:28
Turku,2023-03-22 18:15:27,Stockholm,2023-03-23 05:52:32
Stockholm,2023-03-23 06:02:33,Mariehamn,2023-03-23 12:28:32
Mariehamn,2023-03-23 12:33:55,Turku,2023-03-23 17:55:30
Turku,2023-03-23 18:15:30,Stockholm,2023-03-24 05:37:39
Stockholm,2023-03-24 06:12:39,Mariehamn,2023-03-24 12:18:31
Mariehamn,2023-03-24 12:33:53,Turku,2023-03-24 17:54:53
Turku,2023-03-24 17:59:53,Stockholm,2023-03-25 05:27:01
Stockholm,2023-03-25 05:42:00,Mariehamn,2023-03-25 12:18:06
Mariehamn,2023-03-25 12:38:00,Turku,2023-03-25 17:49:12
Turku,2023-03-25 18:54:22,Stockholm,2023-03-26 05:06:06
Stockholm,2023-03-26 05:16:07,Mariehamn,2023-03-26 11:27:11
Mariehamn,2023-03-26 11:32:11,Turku,2023-03-26 16:58:15
Turku,2023-03-26 17:23:15,Stockholm,2023-03-27 04:20:02
Stockholm,2023-03-27 04:35:12,Mariehamn,2023-03-27 11:15:45
Mariehamn,2023-03-27 11:21:13,Turku,2023-03-27 17:02:13
Turku,2023-03-27 17:37:13,Stockholm,2023-03-28 04:34:16
Stockholm,2023-03-28 05:09:26,Mariehamn,2023-03-28 11:15:35
Mariehamn,2023-03-28 11:30:37,Turku,2023-03-28 16:51:31
Turku,2023-03-28 16:56:30,Stockholm,2023-03-29 04:33:18
Stockholm,2023-03-29 04:43:19,Mariehamn,2023-03-29 11:19:18
Mariehamn,2023-03-29 11:29:37,Turku,2023-03-29 16:55:22
Turku,2023-03-29 17:15:32,Stockholm,2023-03-30 04:32:32
Stockholm,2023-03-30 04:37:33,Mariehamn,2023-03-30 11:18:48
Mariehamn,2023-03-30 11:28:50,Turku,2023-03-30 16:49:53
Turku,2023-03-30 16:59:46,Stockholm,2023-03-31 04:32:03
Stockholm,2023-03-31 04:37:02,Mariehamn,2023-03-31 11:13:19
Mariehamn,2023-03-31 11:23:18,Turku,2023-03-31 16:54:16
Turku,2023-03-31 17:14:18,Stockholm,2023-04-01 04:36:19
Stockholm,2023-04-01 04:41:19,Mariehamn,2023-04-01 11:17:23
Mariehamn,2023-04-01 11:26:00,Turku,2023-04-01 16:53:22
Turku,2023-04-01 16:58:22,Stockholm,2023-04-02 04:35:30
Stockholm,2023-04-02 05:00:27,Mariehamn,2023-04-02 11:15:57
Mariehamn,2023-04-02 11:20:36,Turku,2023-04-02 16:56:56
Turku,2023-04-02 18:02:07,Stockholm,2023-04-03 04:33:54
Stockholm,2023-04-03 04:43:54,Mariehamn,2023-04-03 11:19:48
Mariehamn,2023-04-03 11:24:58,Turku,2023-04-03 17:01:09
Turku,2023-04-03 17:21:12,Stockholm,2023-04-04 04:32:58
Stockholm,2023-04-04 04:42:59,Mariehamn,2023-04-04 11:18:12
Mariehamn,2023-04-04 11:34:01,Turku,2023-04-04 17:00:06
Turku,2023-04-04 17:05:00,Stockholm,2023-04-05 04:41:58
Stockholm,2023-04-05 04:46:58,Mariehamn,2023-04-05 11:28:02
Mariehamn,2023-04-05 11:37:43,Turku,2023-04-05 16:59:00
Turku,2023-04-05 17:59:10,Stockholm,2023-04-06 04:30:52
Stockholm,2023-04-06 04:35:52,Mariehamn,2023-04-06 11:26:51
Mariehamn,2023-04-06 11:31:48,Turku,2023-04-06 16:58:02
Turku,2023-04-06 17:08:12,Stockholm,2023-04-07 04:25:19
Stockholm,2023-04-07 04:35:18,Mariehamn,2023-04-07 11:21:15
Mariehamn,2023-04-07 11:36:45,Turku,2023-04-07 16:57:38
Turku,2023-04-07 17:42:48,Stockholm,2023-04-08 04:34:56
Stockholm,2023-04-08 04:39:57,Mariehamn,2023-04-08 11:20:34
Mariehamn,2023-04-08 11:31:07,Turku,2023-04-08 16:52:16
Turku,2023-04-08 18:02:26,Stockholm,2023-04-09 04:29:21
Stockholm,2023-04-09 04:49:21,Mariehamn,2023-04-09 11:25:31
Mariehamn,2023-04-09 11:30:29,Turku,2023-04-09 16:56:38
Turku,2023-04-09 17:56:49,Stockholm,2023-04-10 04:28:59
Stockholm,2023-04-10 04:33:50,Mariehamn,2023-04-10 11:15:20
Mariehamn,2023-04-10 11:34:29,Turku,2023-04-10 16:56:21
Turku,2023-04-10 17:06:30,Stockholm,2023-04-11 04:43:57
Stockholm,2023-04-11 04:48:58,Mariehamn,2023-04-11 11:15:19
Mariehamn,2023-04-11 11:25:18,Turku,2023-04-11 16:56:32
Turku,2023-04-11 17:11:42,Stockholm,2023-04-12 04:33:51
Stockholm,2023-04-12 04:59:02,Mariehamn,2023-04-12 11:19:45
Mariehamn,2023-04-12 11:29:46,Turku,2023-04-12 16:51:09
Turku,2023-04-12 18:01:29,Stockholm,2023-04-13 04:33:12
Stockholm,2023-04-13 05:18:21,Mariehamn,2023-04-13 11:19:15
Mariehamn,2023-04-13 11:24:18,Turku,2023-04-13 16:55:27
Turku,2023-04-13 17:10:26,Stockholm,2023-04-14 04:32:28
Stockholm,2023-04-14 05:07:38,Mariehamn,2023-04-14 11:28:12
Mariehamn,2023-04-14 11:33:02,Turku,2023-04-14 16:54:53
Turku,2023-04-14 16:59:53,Stockholm,2023-04-15 04:32:07
Stockholm,2023-04-15 04:47:15,Mariehamn,2023-04-15 11:17:36
Mariehamn,2023-04-15 11:28:26,Turku,2023-04-15 16:54:26
Turku,2023-04-15 17:39:35,Stockholm,2023-04-16 04:31:37
Stockholm,2023-04-16 05:26:48,Mariehamn,2023-04-16 11:17:55
Mariehamn,2023-04-16 11:22:46,Turku,2023-04-16 16:48:56
Turku,2023-04-16 17:03:57,Stockholm,2023-04-17 04:31:07
Stockholm,2023-04-17 04:36:07,Mariehamn,2023-04-17 11:12:14
Mariehamn,2023-04-17 11:22:28,Turku,2023-04-17 16:53:21
Turku,2023-04-17 18:13:42,Stockholm,2023-04-18 04:30:34
Stockholm,2023-04-18 04:40:43,Mariehamn,2023-04-18 11:16:46
Mariehamn,2023-04-18 11:21:53,Turku,2023-04-18 16:53:02
Turku,2023-04-18 17:13:05,Stockholm,2023-04-19 04:35:10
Stockholm,2023-04-19 04:50:19,Mariehamn,2023-04-19 11:21:39
Mariehamn,2023-04-19 11:31:08,Turku,2023-04-19 16:52:39
Turku,2023-04-19 17:22:48,Stockholm,2023-04-20 04:29:56
Stockholm,2023-04-20 04:54:56,Mariehamn,2023-04-20 11:21:04
Mariehamn,2023-04-20 11:35:54,Turku,2023-04-20 16:52:22
Turku,2023-04-20 16:57:21,Stockholm,2023-04-21 04:29:33
Stockholm,2023-04-21 04:34:44,Mariehamn,2023-04-21 11:25:50
Mariehamn,2023-04-21 11:36:07,Turku,2023-04-21 16:52:15
Turku,2023-04-21 17:02:15,Stockholm,2023-04-22 04:29:37
Stockholm,2023-04-22 04:34:37,Mariehamn,2023-04-22 11:15:51
Mariehamn,2023-04-22 11:34:38,Turku,2023-04-22 16:57:06
Turku,2023-04-22 17:07:06,Stockholm,2023-04-23 04:29:16
Stockholm,2023-04-23 04:44:16,Mariehamn,2023-04-23 11:25:57
Mariehamn,2023-04-23 11:30:57,Turku,2023-04-23 16:51:52
Turku,2023-04-23 16:56:52,Stockholm,2023-04-24 04:39:03
Stockholm,2023-04-24 04:44:04,Mariehamn,2023-04-24 11:19:26
Mariehamn,2023-04-24 11:29:56,Turku,2023-04-24 17:01:28
Turku,2023-04-24 17:21:28,Stockholm,2023-04-25 04:28:50
Stockholm,2023-04-25 04:48:49,Mariehamn,2023-04-25 11:25:07
Mariehamn,2023-04-25 11:35:17,Turku,2023-04-25 16:51:26
Turku,2023-04-25 16:56:27,Stockholm,2023-04-26 04:38:40
Stockholm,2023-04-26 04:43:41,Mariehamn,2023-04-26 11:15:02
Mariehamn,2023-04-26 11:24:43,Turku,2023-04-26 16:56:04
Turku,2023-04-26 17:16:12,Stockholm,2023-04-27 04:38:23
Stockholm,2023-04-27 04:43:23,Mariehamn,2023-04-27 11:24:20
Mariehamn,2023-04-27 11:29:30,Turku,2023-04-27 16:50:46
Turku,2023-04-27 16:55:46,Stockholm,2023-04-28 04:28:19
Stockholm,2023-04-28 04:33:19,Mariehamn,2023-04-28 11:24:24
Mariehamn,2023-04-28 11:29:03,Turku,2023-04-28 16:50:47
Turku,2023-04-28 16:55:48,Stockholm,2023-04-29 04:33:09
Stockholm,2023-04-29 04:43:11,Mariehamn,2023-04-29 11:13:42
Mariehamn,2023-04-29 11:19:36,Turku,2023-04-29 16:55:41
Turku,2023-04-29 17:10:40,Stockholm,2023-04-30 04:33:00
Stockholm,2023-04-30 04:38:09,Mariehamn,2023-04-30 11:14:00
Mariehamn,2023-04-30 11:19:13,Turku,2023-04-30 16:50:29
Turku,2023-04-30 17:15:37,Stockholm,2023-05-01 04:37:52
Stockholm,2023-05-01 05:18:02,Mariehamn,2023-05-01 11:23:47
Mariehamn,2023-05-01 11:29:15,Turku,2023-05-01 16:55:18
Turku,2023-05-01 17:00:18,Stockholm,2023-05-02 04:32:29
Stockholm,2023-05-02 04:37:41,Mariehamn,2023-05-02 11:08:47
Mariehamn,2023-05-02 11:23:45,Turku,2023-05-02 16:50:03
Turku,2023-05-02 16:55:02,Stockholm,2023-05-03 04:42:10
Stockholm,2023-05-03 04:47:10,Mariehamn,2023-05-03 11:14:44
Mariehamn,2023-05-03 11:18:16,Turku,2023-05-03 16:51:26
Turku,2023-05-03 16:56:32,Stockholm,2023-05-04 04:28:32
Stockholm,2023-05-04 04:38:31,Mariehamn,2023-05-04 11:19:22
Mariehamn,2023-05-04 11:24:35,Turku,2023-05-04 16:55:49
Turku,2023-05-04 17:00:57,Stockholm,2023-05-05 04:33:10
Stockholm,2023-05-05 04:43:09,Turku,2023-05-05 16:50:22
Turku,2023-05-05 17:05:19,Stockholm,2023-05-06 04:32:35
Stockholm,2023-05-06 04:37:34,Mariehamn,2023-05-06 11:23:43
Mariehamn,2023-05-06 11:28:45,Turku,2023-05-06 17:04:46
Turku,2023-05-06 17:19:48,Stockholm,2023-05-07 04:56:41
Stockholm,2023-05-07 05:11:51,Mariehamn,2023-05-07 11:17:16
Mariehamn,2023-05-07 11:27:26,Turku,2023-05-07 16:59:15
Turku,2023-05-07 17:09:16,Stockholm,2023-05-08 04:36:10
Stockholm,2023-05-08 04:46:10,Mariehamn,2023-05-08 11:17:23
Mariehamn,2023-05-08 11:22:25,Turku,2023-05-08 16:58:35
Turku,2023-05-08 17:03:36,Stockholm,2023-05-09 04:30:29
Stockholm,2023-05-09 04:35:36,Mariehamn,2023-05-09 11:16:44
Mariehamn,2023-05-09 11:21:25,Turku,2023-05-09 16:57:44
Turku,2023-05-09 17:02:45,Stockholm,2023-05-10 04:30:04
Stockholm,2023-05-10 04:35:12,Mariehamn,2023-05-10 11:16:15
Mariehamn,2023-05-10 11:36:37,Turku,2023-05-10 16:57:29
Turku,2023-05-10 17:07:39,Stockholm,2023-05-11 04:29:46
Stockholm,2023-05-11 04:34:46,Mariehamn,2023-05-11 11:21:09
Mariehamn,2023-05-11 11:35:59,Turku,2023-05-11 16:52:04
Turku,2023-05-11 17:07:05,Stockholm,2023-05-12 04:54:05
Stockholm,2023-05-12 04:59:14,Turku,2023-05-12 16:51:25
Turku,2023-05-12 17:06:27,Stockholm,2023-05-13 04:28:42
Stockholm,2023-05-13 04:38:42,Mariehamn,2023-05-13 11:25:02
Mariehamn,2023-05-13 11:30:01,Turku,2023-05-13 16:55:57
Turku,2023-05-13 17:00:54,Stockholm,2023-05-14 04:38:07
Stockholm,2023-05-14 04:48:15,Mariehamn,2023-05-14 11:14:20
Mariehamn,2023-05-14 11:19:23,Turku,2023-05-14 16:55:29
Turku,2023-05-14 17:00:32,Stockholm,2023-05-15 04:47:37
Stockholm,2023-05-15 05:02:39,Mariehamn,2023-05-15 11:23:56
Mariehamn,2023-05-15 11:28:57,Turku,2023-05-15 16:49:48
Turku,2023-05-15 16:54:49,Stockholm,2023-05-16 04:31:51
Stockholm,2023-05-16 04:36:59,Mariehamn,2023-05-16 11:18:02
Mariehamn,2023-05-16 11:28:03,Turku,2023-05-16 16:49:05
Turku,2023-05-16 17:04:07,Stockholm,2023-05-17 04:41:10
Stockholm,2023-05-17 04:46:10,Mariehamn,2023-05-17 11:17:16
Mariehamn,2023-05-17 11:22:17,Turku,2023-05-17 16:53:24
Turku,2023-05-17 16:58:24,Stockholm,2023-05-18 04:45:29
Stockholm,2023-05-18 04:50:28,Mariehamn,2023-05-18 11:31:38
Mariehamn,2023-05-18 11:50:59,Turku,2023-05-18 17:02:51
Turku,2023-05-18 17:07:51,Stockholm,2023-05-19 04:29:54
Stockholm,2023-05-19 04:44:53,Mariehamn,2023-05-19 11:16:02
Mariehamn,2023-05-19 11:31:05,Turku,2023-05-19 16:52:10
Turku,2023-05-19 17:02:10,Stockholm,2023-05-20 04:34:10
Stockholm,2023-05-20 04:39:09,Mariehamn,2023-05-20 11:15:41
Mariehamn,2023-05-20 11:20:31,Turku,2023-05-20 16:51:36
Turku,2023-05-20 17:06:46,Stockholm,2023-05-21 04:28:44
Stockholm,2023-05-21 04:43:53,Mariehamn,2023-05-21 11:14:51
Mariehamn,2023-05-21 11:19:47,Turku,2023-05-21 17:00:53
Turku,2023-05-21 17:15:52,Stockholm,2023-05-22 04:32:42
Stockholm,2023-05-22 04:37:42,Mariehamn,2023-05-22 11:18:52
Mariehamn,2023-05-22 11:23:45,Turku,2023-05-22 16:59:50
Turku,2023-05-22 17:19:51,Stockholm,2023-05-23 04:31:51
Stockholm,2023-05-23 04:36:52,Mariehamn,2023-05-23 11:23:09
Mariehamn,2023-05-23 11:33:10,Turku,2023-05-23 16:54:15
Turku,2023-05-23 17:24:15,Stockholm,2023-05-24 04:41:22
Stockholm,2023-05-24 04:46:23,Mariehamn,2023-05-24 11:17:49
Mariehamn,2023-05-24 11:22:40,Turku,2023-05-24 16:53:49
Turku,2023-05-24 16:58:50,Stockholm,2023-05-25 04:30:56
Stockholm,2023-05-25 04:50:56,Mariehamn,2023-05-25 11:27:15
Mariehamn,2023-05-25 11:32:03,Turku,2023-05-25 17:03:12
Turku,2023-05-25 17:08:12,Stockholm,2023-05-26 04:35:06
Stockholm,2023-05-26 04:45:07,Mariehamn,2023-05-26 11:20:59
Mariehamn,2023-05-26 11:30:54,Turku,2023-05-26 16:57:11
Turku,2023-05-26 17:07:09,Stockholm,2023-05-27 04:34:09
Stockholm,2023-05-27 05:04:09,Mariehamn,2023-05-27 11:25:22
Mariehamn,2023-05-27 11:35:22,Turku,2023-05-27 16:51:14
Turku,2023-05-27 17:01:12,Stockholm,2023-05-28 04:28:08
Stockholm,2023-05-28 04:33:08,Mariehamn,2023-05-28 11:13:29
Mariehamn,2023-05-28 11:24:10,Turku,2023-05-28 16:50:30
Turku,2023-05-28 17:00:29,Stockholm,2023-05-29 04:32:40
Stockholm,2023-05-29 04:42:39,Mariehamn,2023-05-29 11:12:22
Mariehamn,2023-05-29 11:18:43,Turku,2023-05-29 16:49:45
Turku,2023-05-29 17:19:56,Stockholm,2023-05-30 04:31:53
Stockholm,2023-05-30 04:42:03,Turku,2023-05-30 16:49:15
Turku,2023-05-30 16:54:16,Stockholm,2023-05-31 04:26:25
Stockholm,2023-05-31 04:31:25,Mariehamn,2023-05-31 11:12:30
Mariehamn,2023-05-31 11:22:30,Turku,2023-05-31 16:53:30
Turku,2023-05-31 17:23:35,Stockholm,2023-06-01 04:35:27
Stockholm,2023-06-01 04:40:27,Mariehamn,2023-06-01 11:26:16
Mariehamn,2023-06-01 11:31:23,Turku,2023-06-01 16:52:28
Turku,2023-06-01 17:07:29,Stockholm,2023-06-02 04:29:00
Stockholm,2023-06-02 04:34:11,Mariehamn,2023-06-02 11:29:50
Mariehamn,2023-06-02 11:35:19,Turku,2023-06-02 17:01:35
Turku,2023-06-02 17:06:27,Stockholm,2023-06-03 04:28:34
Stockholm,2023-06-03 04:33:35,Mariehamn,2023-06-03 11:14:53
Mariehamn,2023-06-03 11:19:52,Turku,2023-06-03 16:50:47
Turku,2023-06-03 16:55:54,Stockholm,2023-06-04 04:32:54
Stockholm,2023-06-04 04:42:54,Mariehamn,2023-06-04 11:23:24
Mariehamn,2023-06-04 11:29:03,Turku,2023-06-04 17:25:12
Turku,2023-06-04 17:35:13,Stockholm,2023-06-05 04:32:03
Stockholm,2023-06-05 04:37:01,Mariehamn,2023-06-05 11:13:16
Mariehamn,2023-06-05 11:17:57,Turku,2023-06-05 16:49:15
Turku,2023-06-05 16:59:15,Stockholm,2023-06-06 04:31:11
Stockholm,2023-06-06 04:36:10,Mariehamn,2023-06-06 11:12:26
Mariehamn,2023-06-06 11:22:26,Turku,2023-06-06 16:53:29
Turku,2023-06-06 16:58:35,Stockholm,2023-06-07 04:35:32
Stockholm,2023-06-07 04:45:33,Mariehamn,2023-06-07 11:16:43
Mariehamn,2023-06-07 11:26:43,Turku,2023-06-07 16:52:46
Turku,2023-06-07 17:12:48,Stockholm,2023-06-08 04:44:41
Stockholm,2023-06-08 05:04:40,Mariehamn,2023-06-08 11:31:00
Mariehamn,2023-06-08 11:35:51,Turku,2023-06-08 17:02:05
Turku,2023-06-08 17:07:03,Stockholm,2023-06-09 04:38:58
Stockholm,2023-06-09 04:49:08,Mariehamn,2023-06-09 11:30:20
Mariehamn,2023-06-09 11:35:27,Turku,2023-06-09 17:01:15
Turku,2023-06-09 17:06:16,Stockholm,2023-06-10 04:33:08
Stockholm,2023-06-10 04:38:05,Mariehamn,2023-06-10 11:24:20
Mariehamn,2023-06-10 11:34:23,Turku,2023-06-10 17:05:17
Turku,2023-06-10 17:35:27,Stockholm,2023-06-11 04:32:17
Stockholm,2023-06-11 04:42:16,Mariehamn,2023-06-11 11:18:26
Mariehamn,2023-06-11 11:28:26,Turku,2023-06-11 16:54:32
Turku,2023-06-11 16:59:32,Stockholm,2023-06-12 04:36:33
Stockholm,2023-06-12 05:26:33,Mariehamn,2023-06-12 11:17:42
Mariehamn,2023-06-12 11:27:44,Turku,2023-06-12 16:58:46
Turku,2023-06-12 17:13:51,Stockholm,2023-06-13 04:35:33
Stockholm,2023-06-13 04:45:33,Turku,2023-06-13 16:57:46
Turku,2023-06-13 17:02:47,Stockholm,2023-06-14 04:34:40
Stockholm,2023-06-14 04:44:42,Mariehamn,2023-06-14 11:26:00
Mariehamn,2023-06-14 11:36:00,Turku,2023-06-14 17:17:15
Turku,2023-06-14 17:27:17,Stockholm,2023-06-15 04:34:09
Stockholm,2023-06-15 04:39:08,Mariehamn,2023-06-15 11:25:20
Mariehamn,2023-06-15 11:30:34,Turku,2023-06-15 16:56:29
Turku,2023-06-15 17:06:33,Stockholm,2023-06-16 04:38:27
Stockholm,2023-06-16 04:43:24,Mariehamn,2023-06-16 11:19:32
Mariehamn,2023-06-16 11:24:36,Turku,2023-06-16 17:05:40
Turku,2023-06-16 17:10:36,Stockholm,2023-06-17 04:47:51
Stockholm,2023-06-17 05:02:51,Mariehamn,2023-06-17 11:23:57
Mariehamn,2023-06-17 11:34:00,Turku,2023-06-17 16:54:46
Turku,2023-06-17 17:04:54,Stockholm,2023-06-18 04:41:44
Stockholm,2023-06-18 05:01:53,Mariehamn,2023-06-18 11:13:09
Mariehamn,2023-06-18 11:18:04,Turku,2023-06-18 16:54:05
Turku,2023-06-18 16:59:03,Stockholm,2023-06-19 04:46:03
Stockholm,2023-06-19 04:51:02,Mariehamn,2023-06-19 11:12:18
Mariehamn,2023-06-19 11:17:18,Turku,2023-06-19 16:58:22
Turku,2023-06-19 17:38:31,Stockholm,2023-06-20 04:30:26
Stockholm,2023-06-20 04:55:26,Turku,2023-06-20 16:57:55
Turku,2023-06-20 17:22:56,Stockholm,2023-06-21 04:29:41
Stockholm,2023-06-21 04:34:52,Mariehamn,2023-06-21 11:11:09
Mariehamn,2023-06-21 11:26:15,Turku,2023-06-21 16:53:39
Turku,2023-06-21 17:13:39,Stockholm,2023-06-22 04:35:35
Stockholm,2023-06-22 04:40:36,Mariehamn,2023-06-22 11:16:58
Mariehamn,2023-06-22 11:27:02,Turku,2023-06-22 16:54:18
Turku,2023-06-22 17:09:21,Stockholm,2023-06-23 04:26:31
Stockholm,2023-06-23 04:31:31,Turku,2023-06-23 16:53:57
Turku,2023-06-23 17:14:07,Stockholm,2023-06-24 04:36:37
Stockholm,2023-06-24 04:46:37,Mariehamn,2023-06-24 11:12:55
Mariehamn,2023-06-24 11:17:44,Turku,2023-06-24 16:54:01
Turku,2023-06-24 17:44:01,Stockholm,2023-06-25 04:30:49
Stockholm,2023-06-25 04:36:03,Mariehamn,2023-06-25 11:22:20
Mariehamn,2023-06-25 11:27:21,Turku,2023-06-25 16:53:17
Turku,2023-06-25 16:58:17,Stockholm,2023-06-26 04:30:16
Stockholm,2023-06-26 04:50:16,Mariehamn,2023-06-26 11:16:28
Mariehamn,2023-06-26 11:21:29,Turku,2023-06-26 16:52:30
Turku,2023-06-26 16:57:30,Stockholm,2023-06-27 05:19:39
Stockholm,2023-06-27 05:34:38,Mariehamn,2023-06-27 11:15:42
Mariehamn,2023-06-27 11:20:41,Turku,2023-06-27 17:01:45
Turku,2023-06-27 17:06:44,Stockholm,2023-06-28 04:33:31
Stockholm,2023-06-28 04:43:31,Mariehamn,2023-06-28 11:19:40
Mariehamn,2023-06-28 11:24:19,Turku,2023-06-28 17:15:50
Turku,2023-06-28 17:20:51,Stockholm,2023-06-29 04:27:40
Stockholm,2023-06-29 04:42:45,Mariehamn,2023-06-29 11:13:23
Mariehamn,2023-06-29 11:23:42,Turku,2023-06-29 16:59:50
Turku,2023-06-29 17:19:54,Stockholm,2023-06-30 04:31:31
Stockholm,2023-06-30 04:36:41,Mariehamn,2023-06-30 11:17:57
Mariehamn,2023-06-30 11:22:58,Turku,2023-06-30 17:03:49
Turku,2023-06-30 17:23:49,Stockholm,2023-07-01 05:06:10
Stockholm,2023-07-01 05:11:10,Mariehamn,2023-07-01 11:17:06
Mariehamn,2023-07-01 11:22:09,Turku,2023-07-01 16:58:09
Turku,2023-07-01 17:18:04,Stockholm,2023-07-02 04:34:48
Stockholm,2023-07-02 04:44:58,Mariehamn,2023-07-02 11:10:40
Mariehamn,2023-07-02 11:15:43,Turku,2023-07-02 17:12:04
Turku,2023-07-02 17:27:09,Stockholm,2023-07-03 04:28:55
Stockholm,2023-07-03 04:44:06,Mariehamn,2023-07-03 11:15:03
Mariehamn,2023-07-03 11:24:53,Turku,2023-07-03 17:00:58
Turku,2023-07-03 17:11:09,Stockholm,2023-07-04 04:33:10
Stockholm,2023-07-04 04:38:10,Mariehamn,2023-07-04 11:24:05
Mariehamn,2023-07-04 11:28:22,Turku,2023-07-04 16:55:03
Turku,2023-07-04 17:10:02,Stockholm,2023-07-05 04:42:08
Stockholm,2023-07-05 05:07:07,Mariehamn,2023-07-05 11:12:46
Mariehamn,2023-07-05 11:28:17,Turku,2023-07-05 16:49:16
Turku,2023-07-05 16:59:16,Stockholm,2023-07-06 04:41:16
Stockholm,2023-07-06 04:46:15,Mariehamn,2023-07-06 11:17:02
Mariehamn,2023-07-06 11:27:05,Turku,2023-07-06 16:53:44
Turku,2023-07-06 16:58:45,Stockholm,2023-07-07 04:41:05
Stockholm,2023-07-07 05:06:06,Mariehamn,2023-07-07 11:11:45
Mariehamn,2023-07-07 11:17:04,Turku,2023-07-07 16:58:12
Turku,2023-07-07 17:08:17,Stockholm,2023-07-08 04:25:03
Stockholm,2023-07-08 04:35:03,Mariehamn,2023-07-08 11:16:38
Mariehamn,2023-07-08 11:46:28,Turku,2023-07-08 16:57:42
Turku,2023-07-08 17:17:43,Stockholm,2023-07-09 04:34:38
Stockholm,2023-07-09 04:39:38,Mariehamn,2023-07-09 11:15:52
Mariehamn,2023-07-09 11:35:52,Turku,2023-07-09 16:51:57
Turku,2023-07-09 17:16:57,Stockholm,2023-07-10 04:48:50
Stockholm,2023-07-10 05:09:00,Mariehamn,2023-07-10 11:24:59
Mariehamn,2023-07-10 11:30:03,Turku,2023-07-10 17:21:15
Turku,2023-07-10 17:31:15,Stockholm,2023-07-11 04:32:54
Stockholm,2023-07-11 04:37:57,Mariehamn,2023-07-11 11:13:24
Mariehamn,2023-07-11 11:24:05,Turku,2023-07-11 17:00:16
Turku,2023-07-11 17:05:11,Stockholm,2023-07-12 04:27:29
Stockholm,2023-07-12 04:32:30,Mariehamn,2023-07-12 11:23:37
Mariehamn,2023-07-12 11:28:36,Turku,2023-07-12 16:54:37
Turku,2023-07-12 16:59:42,Stockholm,2023-07-13 04:36:46
Stockholm,2023-07-13 04:51:44,Mariehamn,2023-07-13 11:17:41
Mariehamn,2023-07-13 11:28:02,Turku,2023-07-13 16:54:04
Turku,2023-07-13 17:09:03,Stockholm,2023-07-14 04:35:55
Stockholm,2023-07-14 04:40:55,Mariehamn,2023-07-14 11:21:45
Mariehamn,2023-07-14 11:27:03,Turku,2023-07-14 16:58:25
Turku,2023-07-14 17:03:25,Stockholm,2023-07-15 04:25:15
Stockholm,2023-07-15 04:30:14,Mariehamn,2023-07-15 11:21:27
Mariehamn,2023-07-15 11:31:30,Turku,2023-07-15 16:52:19
Turku,2023-07-15 17:07:26,Stockholm,2023-07-16 04:29:16
Stockholm,2023-07-16 04:49:18,Mariehamn,2023-07-16 11:15:22
Mariehamn,2023-07-16 11:25:15,Turku,2023-07-16 16:56:13
Turku,2023-07-16 17:01:14,Stockholm,2023-07-17 04:42:47
Stockholm,2023-07-17 05:22:58,Mariehamn,2023-07-17 11:34:04
Mariehamn,2023-07-17 11:39:06,Turku,2023-07-17 17:10:07
Turku,2023-07-17 17:25:14,Stockholm,2023-07-18 04:31:39
Stockholm,2023-07-18 04:36:39,Mariehamn,2023-07-18 11:47:11
Mariehamn,2023-07-18 11:58:02,Turku,2023-07-18 16:59:01
Turku,2023-07-18 17:09:01,Stockholm,2023-07-19 04:35:47
Stockholm,2023-07-19 04:40:47,Mariehamn,2023-07-19 11:16:51
Mariehamn,2023-07-19 11:22:04,Turku,2023-07-19 16:52:57
Turku,2023-07-19 17:13:08,Stockholm,2023-07-20 04:30:08
Stockholm,2023-07-20 04:55:07,Mariehamn,2023-07-20 11:21:19
Mariehamn,2023-07-20 11:26:26,Turku,2023-07-20 16:52:29
Turku,2023-07-20 16:57:37,Stockholm,2023-07-21 04:34:34
Stockholm,2023-07-21 04:44:33,Mariehamn,2023-07-21 11:15:47
Mariehamn,2023-07-21 11:30:47,Turku,2023-07-21 16:56:46
Turku,2023-07-21 17:01:47,Stockholm,2023-07-22 04:38:52
Stockholm,2023-07-22 04:43:51,Turku,2023-07-22 16:50:57
Turku,2023-07-22 17:00:59,Stockholm,2023-07-23 04:27:47
Stockholm,2023-07-23 04:32:47,Mariehamn,2023-07-23 11:23:59
Mariehamn,2023-07-23 11:28:59,Turku,2023-07-23 16:50:03
Turku,2023-07-23 17:00:02,Stockholm,2023-07-24 04:27:04
Stockholm,2023-07-24 04:37:05,Mariehamn,2023-07-24 11:43:18
Mariehamn,2023-07-24 11:53:26,Turku,2023-07-24 17:04:25
Turku,2023-07-24 17:14:30,Stockholm,2023-07-25 04:56:48
Stockholm,2023-07-25 05:06:48,Mariehamn,2023-07-25 11:27:51
Mariehamn,2023-07-25 11:32:49,Turku,2023-07-25 17:14:04
Turku,2023-07-25 17:24:05,Stockholm,2023-07-26 04:56:01
Stockholm,2023-07-26 05:01:06,Mariehamn,2023-07-26 11:26:17
Mariehamn,2023-07-26 11:32:19,Turku,2023-07-26 16:58:25
Turku,2023-07-26 17:03:25,Stockholm,2023-07-27 04:30:14
Stockholm,2023-07-27 04:35:15,Mariehamn,2023-07-27 11:31:23
Mariehamn,2023-07-27 11:36:34,Turku,2023-07-27 16:52:31
Turku,2023-07-27 17:02:30,Stockholm,2023-07-28 04:29:24
Stockholm,2023-07-28 05:09:34,Mariehamn,2023-07-28 11:15:54
Mariehamn,2023-07-28 11:25:33,Turku,2023-07-28 16:56:54
Turku,2023-07-28 17:37:04,Stockholm,2023-07-29 04:33:50
Stockholm,2023-07-29 04:59:00,Mariehamn,2023-07-29 11:20:06
Mariehamn,2023-07-29 11:30:04,Turku,2023-07-29 17:01:05
Turku,2023-07-29 17:06:05,Stockholm,2023-07-30 04:38:11
Stockholm,2023-07-30 05:03:11,Mariehamn,2023-07-30 11:24:13
Mariehamn,2023-07-30 11:29:14,Turku,2023-07-30 17:00:28
Turku,2023-07-30 17:05:33,Stockholm,2023-07-31 04:32:17
Stockholm,2023-07-31 04:42:18,Mariehamn,2023-07-31 11:22:29
Mariehamn,2023-07-31 11:28:29,Turku,2023-07-31 17:09:28
Turku,2023-07-31 17:19:31,Stockholm,2023-08-01 04:51:34
Stockholm,2023-08-01 04:56:32,Mariehamn,2023-08-01 11:22:01
Mariehamn,2023-08-01 11:27:47,Turku,2023-08-01 16:53:52
Turku,2023-08-01 17:13:48,Stockholm,2023-08-02 04:30:46
Stockholm,2023-08-02 04:40:46,Mariehamn,2023-08-02 11:16:55
Mariehamn,2023-08-02 11:21:35,Turku,2023-08-02 16:52:57
Turku,2023-08-02 17:08:02,Stockholm,2023-08-03 04:29:59
Stockholm,2023-08-03 04:34:59,Mariehamn,2023-08-03 11:35:52
Mariehamn,2023-08-03 11:41:10,Turku,2023-08-03 17:01:57
Turku,2023-08-03 17:06:57,Stockholm,2023-08-04 04:38:45
Stockholm,2023-08-04 04:48:46,Mariehamn,2023-08-04 11:19:42
Mariehamn,2023-08-04 11:24:32,Turku,2023-08-04 16:50:54
Turku,2023-08-04 17:00:53,Stockholm,2023-08-05 04:32:29
Stockholm,2023-08-05 04:42:37,Mariehamn,2023-08-05 11:13:27
Mariehamn,2023-08-05 11:23:49,Turku,2023-08-05 17:09:37
Turku,2023-08-05 17:19:41,Stockholm,2023-08-06 04:26:39
Stockholm,2023-08-06 04:51:39,Mariehamn,2023-08-06 11:27:44
Mariehamn,2023-08-06 11:32:44,Turku,2023-08-06 16:53:48
Turku,2023-08-06 17:18:49,Stockholm,2023-08-07 04:30:37
Stockholm,2023-08-07 04:35:56,Mariehamn,2023-08-07 11:16:58
Mariehamn,2023-08-07 11:22:18,Turku,2023-08-07 16:53:19
Turku,2023-08-07 17:38:24,Stockholm,2023-08-08 04:25:17
Stockholm,2023-08-08 04:30:17,Turku,2023-08-08 16:52:31
Turku,2023-08-08 17:22:35,Stockholm,2023-08-09 04:29:24
Stockholm,2023-08-09 04:34:25,Mariehamn,2023-08-09 11:10:26
Mariehamn,2023-08-09 11:15:18,Turku,2023-08-09 17:01:54
Turku,2023-08-09 17:06:56,Stockholm,2023-08-10 04:33:46
Stockholm,2023-08-10 04:48:57,Mariehamn,2023-08-10 11:10:11
Mariehamn,2023-08-10 11:34:44,Turku,2023-08-10 16:56:19
Turku,2023-08-10 17:16:19,Stockholm,2023-08-11 04:28:27
Stockholm,2023-08-11 04:38:26,Mariehamn,2023-08-11 11:24:44
Mariehamn,2023-08-11 11:29:41,Turku,2023-08-11 16:50:44
Turku,2023-08-11 17:00:52,Stockholm,2023-08-12 04:32:51
Stockholm,2023-08-12 04:37:51,Mariehamn,2023-08-12 11:09:22
Mariehamn,2023-08-12 11:24:01,Turku,2023-08-12 16:50:30
Turku,2023-08-12 16:55:33,Stockholm,2023-08-13 04:27:38
Stockholm,2023-08-13 04:37:33,Mariehamn,2023-08-13 11:13:26
Mariehamn,2023-08-13 11:18:57,Turku,2023-08-13 16:55:18
Turku,2023-08-13 17:00:18,Stockholm,2023-08-14 04:47:20
Stockholm,2023-08-14 05:07:21,Turku,2023-08-14 16:59:42
Turku,2023-08-14 17:04:42,Stockholm,2023-08-15 04:37:03
Stockholm,2023-08-15 04:52:04,Mariehamn,2023-08-15 11:12:51
Mariehamn,2023-08-15 11:22:32,Turku,2023-08-15 16:54:16
Turku,2023-08-15 16:59:17,Stockholm,2023-08-16 04:41:36
Stockholm,2023-08-16 04:51:34,Mariehamn,2023-08-16 11:17:54
Mariehamn,2023-08-16 11:33:00,Turku,2023-08-16 16:59:08
Turku,2023-08-16 17:14:09,Stockholm,2023-08-17 04:46:32
Stockholm,2023-08-17 04:56:34,Mariehamn,2023-08-17 11:12:37
Mariehamn,2023-08-17 11:17:33,Turku,2023-08-17 17:13:50
Turku,2023-08-17 17:23:51,Stockholm,2023-08-18 04:30:49
Stockholm,2023-08-18 04:41:10,Mariehamn,2023-08-18 11:12:29
Mariehamn,2023-08-18 11:37:44,Turku,2023-08-18 16:58:59
Turku,2023-08-18 17:24:02,Stockholm,2023-08-19 04:41:02
Stockholm,2023-08-19 04:46:04,Mariehamn,2023-08-19 11:27:24
Mariehamn,2023-08-19 11:32:26,Turku,2023-08-19 17:08:35
Turku,2023-08-19 17:13:36,Stockholm,2023-08-20 04:30:33
Stockholm,2023-08-20 04:35:26,Mariehamn,2023-08-20 11:11:43
Mariehamn,2023-08-20 11:17:02,Turku,2023-08-20 17:03:13
Turku,2023-08-20 17:33:18,Stockholm,2023-08-21 04:40:09
Stockholm,2023-08-21 04:45:06,Mariehamn,2023-08-21 11:17:31
Mariehamn,2023-08-21 11:22:05,Turku,2023-08-21 17:04:13
Turku,2023-08-21 17:09:14,Stockholm,2023-08-22 04:31:19
Stockholm,2023-08-22 04:56:20,Mariehamn,2023-08-22 11:22:18
Mariehamn,2023-08-22 11:27:38,Turku,2023-08-22 17:03:58
Turku,2023-08-22 17:08:54,Stockholm,2023-08-23 04:46:22
Stockholm,2023-08-23 04:51:21,Mariehamn,2023-08-23 11:17:03
Mariehamn,2023-08-23 11:22:35,Turku,2023-08-23 16:53:40
Turku,2023-08-23 16:58:42,Stockholm,2023-08-24 04:35:38
Stockholm,2023-08-24 04:40:37,Mariehamn,2023-08-24 11:25:36
Mariehamn,2023-08-24 11:35:37,Turku,2023-08-24 16:52:07
Turku,2023-08-24 16:57:07,Stockholm,2023-08-25 04:39:07
Stockholm,2023-08-25 04:49:08,Mariehamn,2023-08-25 11:20:16
Mariehamn,2023-08-25 11:25:18,Turku,2023-08-25 16:51:28
Turku,2023-08-25 17:11:33,Stockholm,2023-08-26 04:33:33
Stockholm,2023-08-26 04:53:54,Mariehamn,2023-08-26 11:15:07
Mariehamn,2023-08-26 11:25:06,Turku,2023-08-26 16:51:18
Turku,2023-08-26 16:56:18,Stockholm,2023-08-27 04:38:39
Stockholm,2023-08-27 04:43:39,Mariehamn,2023-08-27 11:19:58
Mariehamn,2023-08-27 11:24:59,Turku,2023-08-27 16:56:04
Turku,2023-08-27 17:11:09,Stockholm,2023-08-28 04:33:14
Stockholm,2023-08-28 04:43:14,Turku,2023-08-28 17:09:24
Turku,2023-08-28 17:14:23,Stockholm,2023-08-29 04:41:15
Stockholm,2023-08-29 05:06:19,Mariehamn,2023-08-29 11:22:14
Mariehamn,2023-08-29 11:26:56,Turku,2023-08-29 16:58:25
Turku,2023-08-29 17:13:32,Stockholm,2023-08-30 04:30:34
Stockholm,2023-08-30 04:35:33,Turku,2023-08-30 16:57:51
Turku,2023-08-30 17:12:55,Stockholm,2023-08-31 04:35:01
Stockholm,2023-08-31 04:39:51,Mariehamn,2023-08-31 11:10:55
Mariehamn,2023-08-31 11:21:15,Turku,2023-08-31 17:07:18
Turku,2023-08-31 17:12:15,Stockholm,2023-09-01 04:24:27
Stockholm,2023-09-01 04:39:28,Turku,2023-09-01 17:12:00
Turku,2023-09-01 17:16:59,Stockholm,2023-09-02 04:28:49
Stockholm,2023-09-02 04:33:50,Mariehamn,2023-09-02 11:14:40
Mariehamn,2023-09-02 11:25:11,Turku,2023-09-02 16:56:11
Turku,2023-09-02 17:01:07,Stockholm,2023-09-03 04:28:19
Stockholm,2023-09-03 04:38:19,Mariehamn,2023-09-03 11:14:47
Mariehamn,2023-09-03 11:19:37,Turku,2023-09-03 16:50:47
Turku,2023-09-03 17:15:57,Stockholm,2023-09-04 04:32:30
Stockholm,2023-09-04 04:37:29,Mariehamn,2023-09-04 11:13:49
Mariehamn,2023-09-04 11:18:31,Turku,2023-09-04 16:54:48
Turku,2023-09-04 16:59:48,Stockholm,2023-09-09 04:40:26
Stockholm,2023-09-09 04:45:26,Mariehamn,2023-09-09 11:47:00
Mariehamn,2023-09-09 11:52:02,Turku,2023-09-09 16:58:00
Turku,2023-09-09 17:03:01,Stockholm,2023-09-10 04:30:16
Stockholm,2023-09-10 04:35:16,Mariehamn,2023-09-10 11:16:22
Mariehamn,2023-09-10 11:21:29,Turku,2023-09-10 16:57:38
Turku,2023-09-10 17:02:38,Stockholm,2023-09-11 04:34:40
Stockholm,2023-09-11 05:04:51,Mariehamn,2023-09-11 11:17:26
Mariehamn,2023-09-11 11:22:27,Turku,2023-09-11 16:53:35
Turku,2023-09-11 16:58:29,Stockholm,2023-09-12 04:30:44
Stockholm,2023-09-12 04:40:53,Mariehamn,2023-09-12 11:27:06
Mariehamn,2023-09-12 11:31:42,Turku,2023-09-12 16:53:05
Turku,2023-09-12 16:58:06,Stockholm,2023-09-13 04:29:51
Stockholm,2023-09-13 04:34:52,Mariehamn,2023-09-13 11:11:08
Mariehamn,2023-09-13 11:16:06,Turku,2023-09-13 16:56:57
Turku,2023-09-13 17:17:05,Stockholm,2023-09-14 04:28:56
Stockholm,2023-09-14 04:33:56,Mariehamn,2023-09-14 11:09:44
Mariehamn,2023-09-14 11:14:44,Turku,2023-09-14 16:51:16
Turku,2023-09-14 16:56:20,Stockholm,2023-09-15 04:33:33
Stockholm,2023-09-15 04:38:34,Mariehamn,2023-09-15 11:14:50
Mariehamn,2023-09-15 11:24:51,Turku,2023-09-15 16:50:59
